{
  "loss": [
    1387.871337890625,
    1000.9879760742188,
    402.8340759277344,
    295.2491455078125,
    267.9804992675781,
    251.63107299804688,
    243.1703338623047,
    234.87716674804688,
    231.97030639648438,
    226.55776977539062,
    222.81820678710938,
    218.45535278320312,
    215.77920532226562,
    211.87252807617188,
    209.2191162109375,
    206.97586059570312,
    205.0314483642578,
    203.26376342773438,
    201.02853393554688,
    201.43978881835938,
    198.01165771484375,
    197.16531372070312,
    194.3594207763672,
    192.95242309570312,
    190.89076232910156,
    190.07920837402344,
    188.67237854003906,
    186.68212890625,
    185.83758544921875,
    186.837158203125,
    186.43716430664062,
    182.51553344726562,
    179.61138916015625,
    178.8235321044922,
    176.14205932617188,
    176.28231811523438,
    176.4886474609375,
    174.55355834960938,
    170.0459747314453,
    168.22598266601562,
    168.8308563232422,
    164.99563598632812
  ],
  "val_loss": [
    1221.3564453125,
    590.7647705078125,
    254.98379516601562,
    244.9653778076172,
    236.4860076904297,
    231.01797485351562,
    228.283935546875,
    225.6436767578125,
    223.11474609375,
    222.987548828125,
    220.630859375,
    218.63522338867188,
    218.6278533935547,
    216.52072143554688,
    216.1566619873047,
    215.65835571289062,
    214.510498046875,
    214.28237915039062,
    214.9049530029297,
    213.9564208984375,
    213.61825561523438,
    213.07138061523438,
    213.58767700195312,
    213.2871551513672,
    214.86532592773438,
    214.1479034423828,
    212.5223388671875,
    215.01742553710938,
    214.2413787841797,
    215.08447265625,
    216.64035034179688,
    215.8005828857422,
    215.5113067626953,
    216.1387481689453,
    214.62551879882812,
    216.11087036132812,
    216.73007202148438,
    215.98757934570312,
    215.3522491455078,
    218.9695281982422,
    222.73251342773438,
    218.5115509033203
  ]
}