{
  "baseline_random_forest": {
    "r2": -0.1829014292820328,
    "mae": 13.460050833333334
  },
  "neural_network": {
    "r2": -0.19097444882117576,
    "mae": 13.279719191360472
  },
  "n_train": 800,
  "n_test": 200,
  "n_features": 54
}